token,kind,mentions,sessions,live
scripts/agent_code_evidence_gate.py,script,314,2,exists
.agents/skills/demo1-macsrc-smb-direct-patch,skill,282,9,exists
scripts/test_agent_code_evidence_gate.py,script,271,1,exists
.agents/skills/demo1-agent-code-evidence-gate,skill,262,1,exists
.agents/skills/demo1-consolidating-notebook-directives,skill,243,1,exists
scripts/chat_ui_stream_contract_tests.js,script,193,2,exists
scripts/source_health_scorecard.py,script,178,4,exists
scripts/source_health_validation_loop.py,script,164,1,exists
.agents/skills/demo1-invisible-eye,skill,133,9,exists
scripts/test_tree_contamination_report.py,script,108,1,exists
.agents/skills/demo1-docker-autograder,skill,107,1,exists
.agents/skills/demo1-subsystem-patch-directive,skill,99,9,exists
.agents/skills/demo1-cross-subsystem-guard,skill,99,9,exists
.agents/skills/demo1-source-edit-three-way-preflight,skill,94,9,exists
.agents/skills/INDEX,skill,89,9,renamed:INDEX.md
.agents/skills/demo1-mcp-control-tower,skill,89,9,exists
.agents/skills/demo1-goal-asset-preservation,skill,81,9,exists
scripts/smoke_chat_debug_fx_sse.ps1,script,70,2,exists
scripts/awx_mcp_producer_handoff.py,script,64,1,exists
scripts/invoke_consolidated_program.ps1,script,56,1,missing
scripts/test_source_health_validation_loop.py,script,56,1,exists
scripts/run_verified_command.py,script,52,1,exists
scripts/smoke_chat_debug_fx_sse_tests.ps1,script,51,1,exists
scripts/trace_memory_recovery_synthetic_smoke_tests.ps1,script,51,1,exists
scripts/chat_ui_browser_fault_fixture.js,script,49,1,exists
scripts/awx_mcp_node_smoke.py,script,48,1,exists
.agents/skills/demo1-meta-display-webapp,skill,48,8,exists
scripts/test_source_health_scorecard.py,script,46,1,exists
scripts/trace_memory_recovery_synthetic_smoke.ps1,script,43,1,exists
scripts/awx_mcp_toolbox.py,script,41,2,exists
scripts/demo1_docker_autograder_contract_tests.ps1,script,40,1,exists
scripts/dynamic_rag_quant_audit.py,script,39,1,exists
scripts/chat_ui_browser_fault_fixture_tests.js,script,37,1,exists
.agents/skills/desktop-smb-ack,skill,36,1,exists
scripts/refresh_local_interaction_smokes.ps1,script,36,1,exists
scripts/new_docker_autograder_job.ps1,script,34,1,missing
scripts/invoke_docker_autograder.ps1,script,33,1,missing
scripts/awx_mcp_completion_audit.py,script,32,4,exists
scripts/test_app_build_sourceset_contract.py,script,32,1,exists
scripts/test_awx_mcp_toolbox.py,script,31,1,exists
scripts/devin_client.py,script,31,1,missing
scripts/verify_control_plane_topology.ps1,script,30,1,exists
scripts/awx_mcp_node_setup.py,script,29,2,exists
scripts/device_probe_gpt_tool.ps1,script,28,2,exists
scripts/smoke_websoak_kpi_provider_disabled_tests.ps1,script,26,1,exists
scripts/smoke_chat_debug_events_readback_tests.ps1,script,26,1,exists
scripts/goal_next_auto_tests.ps1,script,26,1,exists
scripts/awx_mcp_control_tower_pipeline.py,script,26,1,exists
scripts/chat_ui_vibe_listener.ps1,script,26,1,exists
scripts/test_run_verified_command.py,script,24,1,exists
scripts/test_demo1_docker_autograder.py,script,24,1,exists
scripts/awx_mcp_toolbox_tests.ps1,script,18,1,exists
scripts/phase2_full_app_browser_tests.js,script,18,1,exists
scripts/debug_events_ui_browser_tests.js,script,17,1,exists
scripts/smoke_chat_debug_events_readback.ps1,script,16,2,exists
scripts/next_step.py,script,16,8,missing
.agents/skills/demo1-meta-display-resume,skill,16,8,exists
.agents/skills/demo1-meta-display-sync-client,skill,16,8,exists
.agents/skills/demo1-meta-display-verification,skill,16,8,exists
scripts/device_probe_gpt_compare.ps1,script,16,1,exists
scripts/awx_mcp_stdio_server.py,script,14,1,exists
scripts/smoke_websoak_kpi_provider_disabled.ps1,script,13,1,exists
scripts/debug_events_spring_browser_tests.js,script,13,1,exists
scripts/harmony_pressure_report.py,script,12,1,exists
scripts/smb_decommission_debug_probe.ps1,script,12,1,exists
scripts/chat_ui_geometry_contract_tests.js,script,12,1,exists
scripts/Invoke-Devin.ps1,script,12,1,missing
scripts/docker_autograder.py,script,11,1,renamed:test_demo1_docker_autograder.py
.agents/skills/demo1-desktop-canonical-goal-intake,skill,10,1,exists
scripts/probe_search_repeat_trace_snapshot.ps1,script,10,1,exists
.agents/skills/demo1-chat-design-acceptance,skill,10,1,missing
scripts/desktop_safe_patch_harness.ps1,script,10,1,exists
scripts/test_test_tree_contamination_report.py,script,9,1,exists
scripts/test_harmony_evidence_contract.py,script,8,1,exists
scripts/test_harmony_pressure_report.py,script,8,1,exists
scripts/git_secret_guard.ps1,script,7,1,exists
scripts/probe_search_repeat_trace_snapshot_tests.ps1,script,7,1,exists
scripts/desktop_notebook_context_pack.ps1,script,6,1,exists
scripts/verify_ydrive_backing_identity.ps1,script,5,1,exists
scripts/local_llm_native_cpu_fallback_contract_tests.ps1,script,5,1,exists
